,t,ax,ay,az,wx,wy,wz
0,0.0,0.012562,-0.074177,9.987043,-0.002748,0.00565,0.010384
1,0.00125,-0.016749,-0.075373,9.941579,0.001832,0.00565,0.012522
2,0.0025,-0.028713,-0.096909,9.975079,0.001679,0.007024,0.014813
3,0.00375,0.025124,-0.041276,9.93799,0.000458,0.005345,0.014813
4,0.005,0.0,-0.065802,9.957133,-0.00061,0.007177,0.013133
5,0.00625,0.002392,-0.065204,9.961918,0.000916,0.00565,0.016493
6,0.0075,0.029312,-0.066999,9.971489,0.000152,0.005192,0.015271
7,0.00875,0.002392,-0.05324,9.970891,0.001374,0.005497,0.012522
8,0.01,0.002991,-0.058025,9.955338,-0.001679,0.003054,0.011759
9,0.01125,0.005383,-0.030508,9.95115,-0.000458,0.006872,0.013133
10,0.0125,-0.028115,-0.042472,9.982257,0.000305,0.005345,0.014202
11,0.01375,0.010767,-0.107677,9.924231,0.000916,0.004734,0.01237
12,0.015,0.005982,-0.055034,9.948758,0.000305,0.008093,0.016035
13,0.01625,0.003589,-0.037686,9.971489,-0.003512,0.006872,0.01298
14,0.0175,-0.010767,-0.091525,9.996016,0.00229,0.004734,0.014966
15,0.01875,0.0,-0.068195,10.006185,0.000916,0.004428,0.012064
16,0.02,-0.016151,-0.079561,9.980463,0.0,0.005497,0.013439
17,0.02125,0.014356,-0.056231,9.996614,0.000458,0.005803,0.012064
18,0.0225,-0.004785,-0.071186,9.979864,-0.001679,0.006872,0.01237
19,0.02375,0.047856,-0.078364,9.972088,-0.001374,0.00565,0.014813
20,0.025,0.009571,-0.061615,9.970293,0.00229,0.005039,0.013897
21,0.02625,-0.041874,-0.087338,9.923035,-0.00229,0.006719,0.011759
22,0.0275,-0.014356,-0.055633,9.972686,0.001069,0.006566,0.01298
23,0.02875,0.025124,-0.064008,9.987641,-0.001679,0.005039,0.011453
24,0.03,0.031106,-0.072382,9.966704,-0.001374,0.007177,0.013133
25,0.03125,-0.010767,-0.092123,9.957133,-0.002138,0.003817,0.014813
26,0.0325,0.01974,-0.074177,9.982257,-0.003359,0.007177,0.013897
27,0.03375,0.014955,-0.092123,9.97807,0.000152,0.003817,0.016646
28,0.035,0.032901,-0.078963,9.957133,-0.00229,0.007941,0.013744
29,0.03625,0.004785,-0.034695,9.952945,0.000152,0.003512,0.018173
30,0.0375,-0.000598,-0.090329,9.978668,-0.001221,0.006414,0.01298
31,0.03875,0.018544,-0.0664,9.951749,-0.001679,0.005497,0.011453
32,0.04,0.018544,-0.105882,9.960722,0.000152,0.006261,0.011301
33,0.04125,0.0,-0.058624,9.988239,0.001374,0.006261,0.012675
34,0.0425,0.007178,-0.078364,9.95115,-0.00061,0.006261,0.013133
35,0.043750000000000004,0.001196,-0.084346,9.956534,0.00229,0.005497,0.013897
36,0.045,0.017347,-0.073579,9.975677,-0.001374,0.00733,0.013897
37,0.04625,-0.01316,-0.078963,9.976873,0.000458,0.004428,0.014049
38,0.0475,-0.030508,-0.071186,9.982257,0.000458,0.005803,0.014966
39,0.04875,0.007776,-0.071784,9.971489,-0.001374,0.00565,0.012675
40,0.05,0.034695,-0.092721,9.960124,-0.000305,0.008093,0.012675
41,0.051250000000000004,0.014955,-0.057427,9.966106,-0.003054,0.004276,0.010995
42,0.0525,0.020338,-0.065802,9.958329,0.000152,0.00733,0.013439
43,0.05375,0.022133,-0.087936,9.959525,-0.00229,0.004734,0.014049
44,0.055,0.01316,-0.061615,9.970293,0.000916,0.00565,0.015577
45,0.05625,-0.009571,-0.049651,9.966704,-0.001832,0.007024,0.009162
46,0.0575,-0.016749,-0.079561,9.949356,0.000458,0.005192,0.013744
47,0.058750000000000004,0.026321,-0.089132,9.969695,-0.00061,0.006872,0.009621
48,0.06,-0.008374,-0.061016,9.969695,-0.001679,0.004123,0.014508
49,0.06125,0.014356,-0.044267,9.976275,0.000458,0.005497,0.016951
50,0.0625,0.009571,-0.075972,9.969695,0.001374,0.005955,0.015118
51,0.06375,-0.028713,-0.074177,9.966106,-0.001069,0.005039,0.015729
52,0.065,0.000598,-0.05324,9.948159,-0.001985,0.005192,0.012675
53,0.06625,0.030508,-0.11665,9.94457,-0.002443,0.006261,0.016187
54,0.0675,-0.014955,-0.075972,9.987043,0.001069,0.006108,0.010995
55,0.06875,-0.003589,-0.068195,9.969695,0.001679,0.008093,0.014049
56,0.07,0.004187,-0.081355,9.967302,0.000305,0.005497,0.011606
57,0.07125000000000001,0.020338,-0.071186,9.974481,-0.000152,0.005497,0.013133
58,0.0725,0.004785,-0.11306,9.960124,-0.001374,0.006108,0.013133
59,0.07375,0.017347,-0.064008,10.003194,-0.000152,0.009315,0.014508
60,0.075,-0.015553,-0.077766,9.965507,0.001985,0.007788,0.015729
61,0.07625,-0.003589,-0.064606,9.982257,-0.00061,0.004734,0.011453
62,0.0775,0.007776,-0.056231,9.952945,-0.00061,0.006108,0.015118
63,0.07875,-0.022133,-0.074177,9.989436,0.000458,0.006872,0.011759
64,0.08,-0.012562,-0.026321,9.99123,-0.001374,0.005345,0.013133
65,0.08125,0.007776,-0.081954,9.945767,-0.000916,0.005955,0.013133
66,0.0825,-0.001794,-0.045463,9.952945,-0.001221,0.006261,0.011453
67,0.08375,0.02333,-0.052642,9.948758,-0.000916,0.005955,0.014049
68,0.085,-0.025722,-0.071784,9.964311,-0.000763,0.004276,0.011453
69,0.08625000000000001,-0.018544,-0.049052,9.966106,-0.000152,0.007635,0.014202
70,0.08750000000000001,-0.008973,-0.03649,9.979864,-0.001374,0.008399,0.00901
71,0.08875,0.003589,-0.065204,9.975677,0.000916,0.005497,0.013286
72,0.09,0.016749,-0.059222,9.965507,0.0,0.004276,0.013286
73,0.09125,-0.010767,-0.05324,10.003793,0.001679,0.005803,0.013439
74,0.0925,0.014356,-0.068195,9.979864,-0.001069,0.006719,0.01069
75,0.09375,-0.025722,-0.066999,9.987641,0.000916,0.004734,0.014355
76,0.095,0.010767,-0.055633,9.942177,-0.000763,0.005345,0.016035
77,0.09625,-0.000598,-0.091525,9.984052,-0.000152,0.004581,0.014813
78,0.0975,0.014955,-0.061016,9.957133,-0.000916,0.005497,0.013591
79,0.09875,-0.005982,-0.08315,9.95474,-0.00061,0.007024,0.012522
80,0.1,-0.012562,-0.086141,9.984052,0.001069,0.007483,0.012064
81,0.10125,-0.040677,-0.063409,9.964311,0.001527,0.006414,0.01237
82,0.10250000000000001,0.008374,-0.067597,10.000802,0.0,0.005497,0.015882
83,0.10375000000000001,0.012562,-0.049651,9.972088,-0.000152,0.005039,0.013286
84,0.105,0.018544,-0.101096,9.976275,0.000152,0.00565,0.01298
85,0.10625,0.035294,-0.075373,9.958927,-0.001527,0.006261,0.013897
86,0.1075,-0.00658,-0.109471,9.978668,-0.003207,0.006414,0.013744
87,0.10875,0.032303,-0.074775,9.971489,-0.002443,0.005497,0.014049
88,0.11,0.013758,-0.079561,9.985248,-0.001069,0.007024,0.013286
89,0.11125,0.004187,-0.063409,9.963713,-0.000152,0.006872,0.012217
90,0.1125,-0.003589,-0.105882,9.973882,0.00061,0.005955,0.01237
91,0.11375,-0.013758,-0.069391,9.965507,-0.002901,0.005497,0.012828
92,0.115,0.019142,-0.055034,9.985248,0.001527,0.005955,0.015118
93,0.11625,-0.017347,-0.099302,10.023533,-0.000152,0.00733,0.013439
94,0.11750000000000001,0.025722,-0.081355,9.956534,-0.000763,0.005039,0.013133
95,0.11875000000000001,-0.027517,-0.098105,10.006185,0.000458,0.006719,0.011453
96,0.12,0.004785,-0.052642,9.942177,-0.001527,0.005955,0.01298
97,0.12125,-0.005982,-0.032303,9.972686,-0.001069,0.00565,0.013591
98,0.1225,0.032303,-0.090927,9.964909,0.000152,0.006108,0.014049
99,0.12375,-0.000598,-0.050847,9.934999,0.000152,0.008093,0.016493
100,0.125,-0.008374,-0.047856,9.977472,-0.001679,0.006108,0.013744
101,0.12625,0.001794,-0.025124,9.965507,-0.000916,0.006414,0.013744
102,0.1275,0.032901,-0.070588,9.948758,-0.000305,0.007177,0.011606
103,0.12875,-0.002392,-0.084346,9.969097,0.000458,0.005345,0.015271
104,0.13,0.010169,-0.095114,9.957133,-0.001832,0.003359,0.014966
105,0.13125,0.035892,-0.094516,9.953543,0.001374,0.007483,0.014813
106,0.1325,-0.030508,-0.05324,9.980463,-0.000305,0.006872,0.010842
107,0.13375,-0.004187,-0.044865,9.973882,0.003207,0.00565,0.010384
108,0.135,0.046061,-0.065802,9.964311,-0.00061,0.006261,0.013133
109,0.13625,-0.029312,-0.028713,9.965507,0.001221,0.007788,0.014049
110,0.1375,-0.003589,-0.062811,9.985248,-0.001527,0.005955,0.016493
111,0.13875,-0.008374,-0.024526,9.979864,0.000916,0.006108,0.011453
112,0.14,0.022133,-0.057427,9.942776,-0.000763,0.008399,0.013133
113,0.14125000000000001,-0.014356,-0.075373,9.973284,-0.003665,0.00565,0.015271
114,0.14250000000000002,0.02991,-0.073579,9.943972,-0.001374,0.003207,0.012675
115,0.14375000000000002,-0.008973,-0.059222,9.968498,-0.000152,0.007024,0.013744
116,0.145,0.017347,-0.096311,9.967302,-0.002596,0.006719,0.012217
117,0.14625,0.002991,-0.031106,9.979266,0.00061,0.006108,0.01298
118,0.1475,-0.008973,-0.060418,9.951749,-0.000152,0.005345,0.016035
119,0.14875,-0.002991,-0.038285,9.996016,-0.001374,0.006872,0.012522
120,0.15,-0.016151,-0.071784,9.971489,-0.00061,0.005039,0.016035
121,0.15125,0.011964,-0.075373,9.971489,0.00229,0.005039,0.011759
122,0.1525,-0.008973,-0.05324,9.96132,-0.001679,0.007177,0.01237
123,0.15375,0.024526,-0.043669,9.952945,-0.000305,0.005192,0.013744
124,0.155,-0.00658,-0.044865,9.978668,-0.001221,0.005039,0.012522
125,0.15625,0.008973,-0.075373,9.988239,0.000152,0.007941,0.014355
126,0.1575,-0.014356,-0.084346,9.975677,0.0,0.006108,0.015424
127,0.15875,-0.037088,-0.072382,9.981659,-0.000305,0.005803,0.012675
128,0.16,0.046061,-0.047856,9.943972,0.000763,0.004428,0.012828
129,0.16125,-0.031704,-0.065802,9.949954,-0.000152,0.006872,0.010995
130,0.1625,-0.005982,-0.070588,9.969097,0.001374,0.006566,0.013897
131,0.16375,-0.02333,-0.094516,9.960124,-0.001221,0.006414,0.010537
132,0.165,-0.002392,-0.056231,9.966704,0.0,0.005955,0.012522
133,0.16625,0.020338,-0.052043,9.967302,-0.001221,0.006872,0.013133
134,0.1675,-0.005982,-0.084346,9.981061,-0.001832,0.005345,0.014049
135,0.16875,0.030508,-0.058624,9.988239,0.001527,0.005345,0.013133
136,0.17,-0.015553,-0.086141,9.939785,0.000458,0.005955,0.009773
137,0.17125,0.017347,-0.024526,9.951749,-0.001527,0.006261,0.012675
138,0.17250000000000001,0.023928,-0.061016,9.969097,0.000916,0.006261,0.014508
139,0.17375000000000002,-0.011964,-0.063409,9.978668,-0.000763,0.006566,0.013133
140,0.17500000000000002,0.002991,-0.058025,9.967302,-0.001069,0.005803,0.013286
141,0.17625,-0.026321,-0.087338,9.946365,0.003054,0.004581,0.014508
142,0.1775,-0.02333,-0.061016,9.95474,-0.001527,0.006566,0.010384
143,0.17875,-0.02333,-0.05982,9.988239,-0.001374,0.005345,0.014049
144,0.18,-0.02991,-0.047856,9.973882,0.000152,0.006108,0.012064
145,0.18125,-0.002392,-0.065802,9.959525,-0.00061,0.004886,0.011453
146,0.1825,0.005982,-0.060418,9.984052,-0.001832,0.006414,0.009773
147,0.18375,0.010767,-0.080757,9.955936,-0.000305,0.004581,0.015882
148,0.185,0.013758,-0.032303,9.95474,0.00061,0.006261,0.014966
149,0.18625,0.007776,-0.058025,9.956534,-0.002138,0.005345,0.012522
150,0.1875,0.008973,-0.097507,9.963115,-0.002138,0.00397,0.012675
151,0.18875,-0.018544,-0.07657,9.947561,0.001221,0.005955,0.016187
152,0.19,0.026321,-0.0664,9.974481,-0.000152,0.002748,0.014813
153,0.19125,0.016151,-0.08973,9.945168,0.000305,0.007483,0.014049
154,0.1925,0.025722,-0.080757,9.962516,0.000152,0.003207,0.013133
155,0.19375,0.039481,-0.102293,9.970891,-0.000305,0.004428,0.012217
156,0.195,0.016749,-0.058624,9.956534,-0.001221,0.006261,0.010995
157,0.19625,-0.052043,-0.078963,9.962516,-0.00061,0.008246,0.012217
158,0.1975,-0.014955,-0.068195,9.982855,0.0,0.005955,0.015271
159,0.19875,0.003589,-0.067597,9.96132,-0.000305,0.005192,0.013591
160,0.2,-0.029312,-0.049052,9.939186,-0.00061,0.005497,0.013591
161,0.20125,-0.024526,-0.061016,9.995418,-0.001374,0.004428,0.013133
162,0.2025,0.004187,-0.075972,9.949356,0.002443,0.007024,0.010384
163,0.20375000000000001,-0.02333,-0.077168,9.987641,0.001527,0.004428,0.012064
164,0.20500000000000002,-0.009571,-0.090927,9.95115,0.000916,0.005497,0.01298
165,0.20625000000000002,0.009571,-0.044267,9.969097,-0.001221,0.004734,0.011759
166,0.20750000000000002,0.01974,-0.059222,9.969695,0.000458,0.007941,0.012675
167,0.20875,-0.022133,-0.097507,9.982855,-0.001374,0.004276,0.013133
168,0.21,0.030508,-0.047856,9.973882,0.001374,0.006566,0.013133
169,0.21125,-0.02991,-0.092123,9.968498,-0.00061,0.007788,0.010537
170,0.2125,0.009571,-0.075972,9.981061,-0.001069,0.006566,0.016951
171,0.21375,-0.002392,-0.046061,9.976275,-0.000916,0.00565,0.013133
172,0.215,-0.014955,-0.07657,9.956534,-0.001374,0.006108,0.01298
173,0.21625,-0.00658,-0.069391,9.958927,-0.000763,0.007788,0.012064
174,0.2175,0.030508,-0.080757,9.956534,-0.000152,0.003512,0.014355
175,0.21875,0.011964,-0.037088,9.962516,0.0,0.00733,0.014355
176,0.22,-0.00658,-0.037686,9.977472,0.000458,0.005497,0.013286
177,0.22125,-0.017347,-0.070588,9.972088,-0.000916,0.006261,0.013591
178,0.2225,-0.002392,-0.059222,9.960722,-0.001221,0.007024,0.013439
179,0.22375,0.01974,-0.081954,9.982257,-0.001679,0.005497,0.011148
180,0.225,-0.011964,-0.051445,9.945767,0.001374,0.006566,0.016493
181,0.22625,0.015553,-0.057427,9.989436,-0.002596,0.005955,0.01069
182,0.2275,-0.020338,-0.074177,9.9679,0.001985,0.004276,0.013897
183,0.22875,0.001196,-0.058624,9.982855,0.0,0.007177,0.013744
184,0.23,-0.013758,-0.043669,9.950552,0.001069,0.003054,0.015424
185,0.23125,0.025124,-0.032901,9.964909,-0.00061,0.00565,0.011453
186,0.2325,0.031106,-0.050249,9.957731,-0.000458,0.004886,0.013897
187,0.23375,-0.014955,-0.078364,9.980463,-0.00229,0.005039,0.015271
188,0.23500000000000001,0.0,-0.060418,9.966106,-0.001527,0.007024,0.01298
189,0.23625000000000002,-0.01316,-0.011964,9.948159,0.001527,0.00733,0.01298
190,0.23750000000000002,0.004785,-0.064008,9.975079,-0.000152,0.006719,0.013286
191,0.23875000000000002,-0.034695,-0.098105,9.985248,-0.000458,0.006108,0.016493
192,0.24,0.011964,-0.049651,9.967302,-0.00229,0.007483,0.014355
193,0.24125,-0.002991,-0.071186,9.962516,0.000916,0.004886,0.01298
194,0.2425,-0.001794,-0.093918,9.952945,0.001832,0.007483,0.013133
195,0.24375,0.034097,-0.071186,9.960124,-0.001221,0.006872,0.010231
196,0.245,0.01316,-0.075373,9.958927,-0.00229,0.007024,0.011911
197,0.24625,-0.042472,-0.042472,9.940981,0.001985,0.005039,0.014508
198,0.2475,0.016749,-0.05324,9.972088,-0.001374,0.00397,0.011453
199,0.24875,-0.026919,-0.071784,9.973284,-0.001069,0.003207,0.01237
200,0.25,0.042472,-0.052642,9.961918,-0.000305,0.005803,0.012217
201,0.25125000000000003,-0.012562,-0.073579,9.992427,-0.001985,0.007177,0.01466
202,0.2525,-0.004187,-0.084346,10.006185,0.00061,0.006108,0.015118
203,0.25375000000000003,0.025124,-0.038883,9.963115,0.0,0.006566,0.013897
204,0.255,-0.014955,-0.070588,9.933204,-0.000763,0.005345,0.013133
205,0.25625,0.020937,-0.058624,9.936195,-0.000763,0.00733,0.013744
206,0.2575,0.007776,-0.08973,9.993025,0.0,0.007635,0.015577
207,0.25875,0.011964,-0.041276,9.982257,-0.002901,0.005039,0.012064
208,0.26,0.014356,-0.071186,9.996614,-0.001527,0.006261,0.013286
209,0.26125,0.022133,-0.081954,9.957133,0.002138,0.006872,0.011453
210,0.2625,-0.037686,-0.089132,9.978668,-0.00229,0.006414,0.013133
211,0.26375,0.025124,-0.08315,9.949954,-0.000305,0.006872,0.013286
212,0.265,0.041276,-0.065204,9.960722,0.001069,0.007483,0.012828
213,0.26625,0.02333,-0.034097,9.99482,0.000458,0.006414,0.013591
214,0.2675,0.008374,-0.071186,9.962516,-0.002138,0.004428,0.014202
215,0.26875,-0.01316,-0.049052,9.964311,-0.000916,0.007177,0.013286
216,0.27,-0.016151,-0.107078,9.961918,-0.000458,0.006719,0.015271
217,0.27125,0.012562,-0.050249,9.966106,-0.001374,0.00565,0.010537
218,0.2725,0.012562,-0.08315,9.984052,0.00229,0.00565,0.015882
219,0.27375,-0.009571,-0.086739,9.946365,-0.000763,0.00565,0.014049
220,0.275,0.014356,-0.070588,9.972088,0.001679,0.004123,0.014355
221,0.27625,0.016151,-0.044865,9.952347,-0.000916,0.008704,0.012522
222,0.2775,0.018544,-0.044865,9.949356,-0.000305,0.005345,0.015118
223,0.27875,-0.037686,-0.061615,9.933803,-0.001374,0.005345,0.014966
224,0.28,0.034695,-0.049651,9.967302,-0.002138,0.005497,0.01466
225,0.28125,0.007178,-0.050249,9.950552,0.001679,0.006872,0.012675
226,0.28250000000000003,0.031704,-0.105284,9.999007,0.000916,0.007024,0.014049
227,0.28375,0.007178,-0.059222,9.976873,-0.001679,0.006108,0.015882
228,0.28500000000000003,-0.029312,-0.080757,9.985846,-0.001374,0.006261,0.012675
229,0.28625,-0.014356,-0.037088,9.963713,0.002443,0.007024,0.013744
230,0.28750000000000003,-0.016151,-0.084945,9.969097,0.000305,0.00565,0.014813
231,0.28875,-0.023928,-0.068195,9.980463,-0.000305,0.004123,0.015577
232,0.29,0.010169,-0.086739,9.960124,-0.001374,0.006261,0.014813
233,0.29125,-0.000598,-0.055633,9.99482,-0.000763,0.005803,0.014813
234,0.2925,0.009571,-0.060418,9.971489,-0.000916,0.006872,0.014049
235,0.29375,-0.062213,-0.086739,9.986445,0.001985,0.005497,0.011606
236,0.295,0.00658,-0.049651,9.96132,-0.001985,0.005803,0.011759
237,0.29625,-0.011964,-0.086141,9.951749,-0.000763,0.005803,0.013897
238,0.2975,-0.018544,-0.05324,9.994221,0.00229,0.005192,0.012522
239,0.29875,-0.021535,-0.062213,9.977472,0.00061,0.006261,0.01298
240,0.3,-0.016151,-0.040677,9.986445,0.000152,0.005803,0.015271
241,0.30125,0.0,-0.073579,9.978668,0.00061,0.004428,0.011606
242,0.3025,0.022731,-0.075972,9.957133,-0.000152,0.006872,0.009468
243,0.30375,-0.017946,-0.064008,9.970293,-0.001221,0.006872,0.013286
244,0.305,0.0,-0.094516,9.939785,-0.000458,0.004428,0.014508
245,0.30625,-0.009571,-0.105284,9.97807,-0.00061,0.007635,0.015118
246,0.3075,0.009571,-0.062811,9.936794,0.000152,0.004276,0.012217
247,0.30875,-0.022731,-0.101694,9.954142,-0.00061,0.007177,0.012675
248,0.31,-0.005383,-0.040677,9.963115,-0.000152,0.00397,0.013439
249,0.31125,0.011964,-0.107078,9.993623,0.000458,0.006566,0.014202
250,0.3125,-0.010767,-0.071186,9.969097,-0.000916,0.006414,0.012675
251,0.31375000000000003,0.001196,-0.065802,9.949356,-0.000763,0.006872,0.015577
252,0.315,-0.020338,-0.075972,9.976275,-0.001221,0.005497,0.012064
253,0.31625000000000003,0.031106,-0.075972,9.975677,-0.000305,0.007635,0.012828
254,0.3175,-0.016749,-0.072981,9.976275,-0.000152,0.007024,0.010842
255,0.31875000000000003,-0.008374,-0.062213,9.949356,0.000458,0.00733,0.012675
256,0.32,-0.02333,-0.064606,9.963713,-0.001221,0.006414,0.013591
257,0.32125,-0.030508,-0.097507,9.986445,0.000763,0.005803,0.01466
258,0.3225,0.007178,-0.044865,9.966704,-0.001374,0.005497,0.013897
259,0.32375,0.017347,-0.092123,9.960722,0.000458,0.006872,0.013744
260,0.325,-0.041874,-0.087338,9.969695,0.000152,0.003359,0.014202
261,0.32625,-0.002392,-0.066999,9.97807,-0.001679,0.005955,0.011606
262,0.3275,-0.035892,-0.111266,9.967302,-0.000916,0.004276,0.013744
263,0.32875,0.009571,-0.062213,9.980463,-0.000152,0.006719,0.013439
264,0.33,-0.028115,-0.043669,9.97807,0.001374,0.005039,0.012675
265,0.33125,0.021535,-0.048454,9.97807,0.001069,0.004581,0.01298
266,0.3325,-0.025722,-0.05324,9.973882,-0.000305,0.008552,0.013744
267,0.33375,0.011365,-0.072981,9.976873,-0.000763,0.005039,0.015424
268,0.335,0.015553,-0.093918,9.974481,-0.00061,0.004734,0.010537
269,0.33625,-0.034097,-0.071186,9.973284,0.001221,0.006261,0.013286
270,0.3375,0.005383,-0.06999,9.976275,-0.00061,0.005803,0.014202
271,0.33875,-0.018544,-0.052043,9.971489,-0.001069,0.003665,0.012828
272,0.34,-0.002392,-0.068793,9.940383,-0.000305,0.004886,0.015882
273,0.34125,0.000598,-0.080159,9.940383,-0.00061,0.004886,0.01634
274,0.3425,0.013758,-0.110668,9.970891,-0.000305,0.007024,0.012217
275,0.34375,0.024526,-0.064008,9.963115,-0.002443,0.00565,0.014355
276,0.34500000000000003,0.01974,-0.092721,9.974481,-0.000916,0.005345,0.015577
277,0.34625,0.002392,-0.026321,9.945168,-0.000305,0.006414,0.014813
278,0.34750000000000003,0.025722,-0.072981,9.976275,-0.001527,0.005192,0.012522
279,0.34875,-0.010767,-0.085543,9.991828,-0.001069,0.00565,0.013744
280,0.35000000000000003,0.000598,-0.0664,9.972686,0.002138,0.008704,0.015729
281,0.35125,-0.017946,-0.102293,9.987043,-0.00061,0.006414,0.014355
282,0.3525,0.010169,-0.047258,9.933803,-0.001832,0.00733,0.014202
283,0.35375,-0.044267,-0.089132,9.968498,-0.001985,0.006261,0.015882
284,0.355,-0.014955,-0.08315,9.975079,-0.001527,0.006872,0.014355
285,0.35625,-0.035892,-0.065802,9.972686,0.000152,0.007177,0.014355
286,0.3575,0.02991,-0.101096,9.97807,-0.00061,0.005039,0.013897
287,0.35875,0.018544,-0.062811,9.9679,-0.003817,0.006566,0.011453
288,0.36,-0.002991,-0.0664,9.971489,0.000763,0.006719,0.015424
289,0.36125,-0.024526,-0.079561,9.967302,-0.000458,0.004123,0.011911
290,0.3625,-0.016749,-0.059222,9.979266,-0.001221,0.008399,0.012064
291,0.36375,0.010169,-0.045463,9.972686,0.002138,0.005039,0.012522
292,0.365,-0.026321,-0.090329,9.997811,-0.001221,0.006872,0.013133
293,0.36625,0.020338,-0.066999,9.977472,0.000763,0.00565,0.014202
294,0.3675,-0.023928,-0.053838,9.977472,0.00229,0.006261,0.013744
295,0.36875,0.014356,-0.033499,10.004989,0.001069,0.004276,0.016493
296,0.37,0.01316,-0.072382,9.996016,-0.000763,0.00733,0.011453
297,0.37125,-0.026919,-0.091525,9.957731,-0.002138,0.00565,0.013286
298,0.3725,-0.002392,-0.047856,9.993623,0.000305,0.007483,0.011759
299,0.37375,0.014955,-0.071186,9.964909,-0.001374,0.005345,0.014508
300,0.375,-0.002392,-0.127417,9.969097,0.001069,0.007788,0.013439
301,0.37625000000000003,-0.016749,-0.057427,9.984052,-0.000152,0.005955,0.014202
302,0.3775,0.013758,-0.071784,9.985846,-0.000152,0.004276,0.013439
303,0.37875000000000003,-0.005982,-0.092123,9.960124,0.0,0.005803,0.014202
304,0.38,0.00658,-0.043669,9.960124,-0.001679,0.007788,0.015424
305,0.38125000000000003,-0.005982,-0.104685,9.952945,-0.001679,0.005192,0.012217
306,0.3825,0.022133,-0.072981,9.963713,-0.000763,0.00565,0.013133
307,0.38375000000000004,-0.012562,-0.063409,9.956534,-0.000458,0.007635,0.011453
308,0.385,-0.034097,-0.06999,9.970891,-0.001679,0.007024,0.014813
309,0.38625,-0.000598,-0.068195,9.940383,-0.001374,0.008246,0.012675
310,0.3875,0.0,-0.063409,9.958927,-0.001069,0.00565,0.013897
311,0.38875,-0.011964,-0.049651,9.968498,-0.000763,0.005039,0.011301
312,0.39,-0.067597,-0.096311,9.975677,0.000916,0.007483,0.013439
313,0.39125,-0.011365,-0.04666,9.985248,0.000305,0.006108,0.016493
314,0.3925,-0.017946,-0.050249,9.972088,-0.00397,0.004123,0.011606
315,0.39375,0.028115,-0.086739,9.953543,0.001679,0.007024,0.017256
316,0.395,-0.017347,-0.079561,9.997212,-0.002596,0.006872,0.016493
317,0.39625,-0.031704,-0.037088,9.979266,0.001679,0.006719,0.012675
318,0.3975,0.019142,-0.087338,9.966704,-0.000305,0.005497,0.014355
319,0.39875,0.004785,-0.051445,9.983454,-0.000458,0.004734,0.015882
320,0.4,-0.031704,-0.055633,9.978668,-0.000458,0.004581,0.013133
321,0.40125,-0.003589,-0.075972,9.96132,-0.002443,0.007941,0.011148
322,0.4025,0.004187,-0.096311,9.980463,0.000763,0.007788,0.014049
323,0.40375,-0.012562,-0.056829,9.964909,0.000305,0.004734,0.014049
324,0.405,0.008374,-0.059222,9.946963,-0.002596,0.005345,0.015271
325,0.40625,-0.007178,-0.055034,9.955936,-0.000458,0.00733,0.017562
326,0.40750000000000003,-0.01974,-0.065204,9.978668,-0.00061,0.005039,0.014049
327,0.40875,0.031106,-0.066999,9.966704,-0.000916,0.005803,0.015271
328,0.41000000000000003,-0.02991,-0.052642,9.982855,0.000458,0.006108,0.012675
329,0.41125,-0.013758,-0.069391,9.964311,-0.000305,0.005497,0.014508
330,0.41250000000000003,0.018544,-0.095712,9.977472,-0.000916,0.006872,0.01298
331,0.41375,-0.011964,-0.067597,9.970293,-0.000763,0.006108,0.012675
332,0.41500000000000004,0.005383,-0.082552,9.973882,0.000458,0.00565,0.015729
333,0.41625,0.013758,-0.077766,9.957133,-0.000305,0.005039,0.010842
334,0.4175,0.02333,-0.050847,9.984052,-0.000458,0.005803,0.01069
335,0.41875,0.015553,-0.071186,9.963115,0.000916,0.007483,0.014813
336,0.42,-0.014955,-0.081954,9.947561,-0.000305,0.006872,0.01237
337,0.42125,0.011964,-0.089132,9.966704,-0.001221,0.004428,0.012522
338,0.4225,-0.011964,-0.042472,9.958927,-0.001221,0.006872,0.013897
339,0.42375,0.005982,-0.070588,9.956534,0.000152,0.006108,0.012522
340,0.425,0.011964,-0.091525,9.966704,0.000916,0.004581,0.012217
341,0.42625,0.040677,-0.088534,9.975079,-0.000763,0.005192,0.013439
342,0.4275,-0.031106,-0.086739,9.968498,0.001069,0.00565,0.013591
343,0.42875,-0.02991,-0.037686,9.982855,-0.001374,0.003817,0.012522
344,0.43,0.022133,-0.056231,10.003793,0.000458,0.006414,0.010537
345,0.43125,-0.034097,-0.078364,10.004391,-0.00061,0.005803,0.013286
346,0.4325,-0.003589,-0.066999,9.964909,0.0,0.006414,0.01466
347,0.43375,-0.000598,-0.065204,9.946365,-0.000763,0.005039,0.013133
348,0.435,0.018544,-0.090329,9.979266,0.000458,0.003512,0.01069
349,0.43625,0.007776,-0.035892,9.969695,-0.002596,0.005192,0.015882
350,0.4375,-0.010169,-0.061016,9.981659,0.0,0.005955,0.013133
351,0.43875000000000003,0.0,-0.0664,9.957133,-0.001985,0.00397,0.01298
352,0.44,-0.007776,-0.084945,9.929017,0.000305,0.004886,0.012522
353,0.44125000000000003,-0.010767,-0.042472,9.978668,-0.001527,0.006872,0.013286
354,0.4425,-0.048454,-0.047856,9.981061,0.001069,0.004886,0.012828
355,0.44375000000000003,-0.030508,-0.125024,9.98465,0.000152,0.008093,0.014202
356,0.445,0.022133,-0.055034,9.964909,0.0,0.004886,0.014966
357,0.44625000000000004,0.00658,-0.075972,9.965507,-0.001221,0.005497,0.010384
358,0.4475,0.021535,-0.078364,9.96132,-0.001069,0.004428,0.015577
359,0.44875,0.0,-0.089132,9.962516,-0.001832,0.004123,0.013439
360,0.45,0.011964,-0.058025,9.970293,-0.00061,0.005039,0.012064
361,0.45125,0.005982,-0.077168,9.971489,0.000458,0.006566,0.012828
362,0.4525,0.032303,-0.094516,9.972686,-0.000305,0.006872,0.013591
363,0.45375,-0.02333,-0.066999,9.979864,-0.002138,0.006108,0.013897
364,0.455,-0.001196,-0.063409,9.960722,0.000763,0.005803,0.011911
365,0.45625,0.008973,-0.021535,9.971489,-0.000916,0.007177,0.014202
366,0.4575,-0.051445,-0.096311,9.967302,-0.001985,0.008399,0.014813
367,0.45875,-0.001794,-0.08315,9.964909,-0.00061,0.006566,0.014355
368,0.46,0.004187,-0.058624,9.988837,0.001221,0.003817,0.01237
369,0.46125,0.005982,-0.061016,9.960722,-0.002596,0.00565,0.015271
370,0.4625,-0.005982,-0.095114,9.976275,0.000305,0.00733,0.014508
371,0.46375,0.0,-0.064606,9.958329,-0.000152,0.008093,0.01069
372,0.465,-0.00658,-0.082552,9.969695,-0.002596,0.004276,0.014966
373,0.46625,0.010169,-0.059222,9.972088,-0.000458,0.005039,0.013897
374,0.4675,-0.032303,-0.095712,9.966704,-0.000152,0.005497,0.012064
375,0.46875,-0.02333,-0.110069,9.957133,0.000763,0.008246,0.013591
376,0.47000000000000003,-0.007776,-0.068793,9.949954,-0.000305,0.005039,0.013591
377,0.47125,0.030508,-0.073579,9.949954,0.000305,0.007024,0.012675
378,0.47250000000000003,0.014356,-0.06999,9.950552,-0.000305,0.005803,0.012828
379,0.47375,-0.01316,-0.056829,9.97807,-0.000305,0.006719,0.013591
380,0.47500000000000003,-0.005982,-0.056231,9.969695,-0.001527,0.006872,0.012217
381,0.47625,0.01316,-0.048454,9.990632,-0.000305,0.006261,0.011148
382,0.47750000000000004,0.01316,-0.047258,9.958927,0.0,0.006261,0.012522
383,0.47875,-0.007178,-0.062811,9.939785,-0.001985,0.005039,0.012064
384,0.48,-0.025722,-0.060418,9.955338,0.000152,0.005039,0.011453
385,0.48125,0.017347,-0.04666,9.966704,-0.001679,0.006872,0.013897
386,0.4825,0.030508,-0.03649,9.938588,0.000458,0.006261,0.012675
387,0.48375,0.007776,-0.095712,9.945767,-0.000763,0.007177,0.011759
388,0.485,-0.04666,-0.072981,9.987641,-0.000763,0.00733,0.014049
389,0.48625,-0.01316,-0.041276,9.95115,0.0,0.004428,0.01237
390,0.4875,0.010767,-0.062213,9.979266,0.000458,0.00565,0.011759
391,0.48875,0.008374,-0.058624,9.998409,-0.000152,0.007177,0.013744
392,0.49,-0.002392,-0.052642,9.970293,-0.000305,0.006566,0.01466
393,0.49125,0.011964,-0.071186,9.965507,-0.000152,0.008704,0.012522
394,0.4925,-0.032901,-0.040079,9.961918,0.0,0.004581,0.013744
395,0.49375,0.015553,-0.0664,9.966106,0.001069,0.007483,0.011606
396,0.495,-0.014955,-0.072382,9.99123,-0.000152,0.006261,0.013439
397,0.49625,-0.027517,-0.031704,9.990632,-0.001527,0.003207,0.013286
398,0.4975,0.008374,-0.044267,9.968498,-0.00229,0.004581,0.014966
399,0.49875,0.005982,-0.102891,9.973882,-0.001069,0.00733,0.012522
400,0.5,0.01316,-0.095114,9.964909,-0.001374,0.006414,0.014049
401,0.50125,-0.011365,-0.040677,9.958927,0.000152,0.007483,0.01298
402,0.5025000000000001,-0.01316,-0.072382,9.949356,0.000152,0.005192,0.013591
403,0.50375,-0.029312,-0.065802,9.973284,0.000916,0.006566,0.016646
404,0.505,-0.004785,-0.079561,9.979266,-0.002443,0.004428,0.01237
405,0.50625,0.014356,-0.065802,9.972686,-0.000152,0.006719,0.014813
406,0.5075000000000001,0.0,-0.039481,9.965507,-0.001679,0.005192,0.015271
407,0.50875,-0.004785,-0.091525,9.954142,-0.000305,0.005039,0.015577
408,0.51,0.011365,-0.078364,9.981061,-0.000305,0.005039,0.017409
409,0.51125,-0.044267,-0.056829,9.982257,-0.00229,0.005345,0.012064
410,0.5125,0.02333,-0.100498,9.97807,0.001221,0.007788,0.01634
411,0.51375,0.0,-0.071784,9.964311,-0.001221,0.006872,0.013286
412,0.515,0.017347,-0.071186,9.968498,-0.002443,0.004123,0.013744
413,0.51625,-0.001196,-0.044865,9.982855,-0.00061,0.00733,0.013286
414,0.5175,-0.000598,-0.092123,9.970293,0.000152,0.006261,0.015271
415,0.51875,0.031704,-0.083748,9.950552,-0.000458,0.004428,0.014355
416,0.52,0.003589,-0.057427,9.97807,0.001832,0.007788,0.013286
417,0.52125,-0.020338,-0.096909,9.957133,-0.000916,0.004581,0.011301
418,0.5225,0.023928,-0.058624,9.960722,0.0,0.009315,0.011453
419,0.52375,0.0,-0.064606,9.960124,-0.002138,0.004734,0.011759
420,0.525,0.019142,-0.040079,9.973284,0.0,0.006719,0.017562
421,0.52625,-0.002991,-0.071784,9.960722,-0.001374,0.005955,0.012217
422,0.5275,-0.010767,-0.06999,9.958927,0.00061,0.007177,0.012828
423,0.52875,0.003589,-0.070588,9.986445,0.000152,0.004276,0.014049
424,0.53,-0.022133,-0.075373,9.964909,-0.001221,0.005039,0.00901
425,0.53125,0.022731,-0.030508,9.956534,-0.00229,0.007177,0.015271
426,0.5325,-0.022133,-0.05324,9.967302,-0.000763,0.005345,0.012828
427,0.5337500000000001,0.025722,-0.040677,9.952347,-0.000763,0.007483,0.012522
428,0.535,0.010767,-0.050249,9.952945,0.000305,0.005345,0.011606
429,0.53625,0.004785,-0.062811,10.003194,0.000152,0.005803,0.014966
430,0.5375,-0.011964,-0.044865,9.973882,-0.000152,0.004734,0.014355
431,0.5387500000000001,-0.012562,-0.091525,9.939785,-0.001221,0.006414,0.01298
432,0.54,-0.01974,-0.090927,9.95474,0.00061,0.006872,0.013744
433,0.54125,-0.020338,-0.072382,9.966106,-0.001985,0.004581,0.012675
434,0.5425,-0.005383,-0.062811,9.970293,-0.000152,0.008093,0.013897
435,0.5437500000000001,-0.004785,-0.078963,9.955936,0.000305,0.006566,0.013133
436,0.545,-0.035294,-0.072382,9.981061,-0.000305,0.003359,0.014355
437,0.54625,0.007776,-0.060418,9.943972,-0.001679,0.007024,0.01237
438,0.5475,-0.018544,-0.062811,9.96132,-0.002596,0.005039,0.011301
439,0.54875,-0.016749,-0.08315,9.958329,-0.000458,0.007024,0.013133
440,0.55,-0.002392,-0.065204,9.956534,0.001221,0.005345,0.012522
441,0.55125,0.017347,-0.092123,9.980463,-0.000916,0.007635,0.012064
442,0.5525,-0.00658,-0.075972,9.980463,0.00061,0.005803,0.01237
443,0.55375,-0.011365,-0.065204,9.957731,0.000305,0.008093,0.012522
444,0.555,-0.004187,-0.056231,9.973882,0.000152,0.006261,0.014202
445,0.55625,0.011964,-0.038285,9.990034,0.0,0.008093,0.013744
446,0.5575,-0.015553,-0.107078,9.970293,-0.001374,0.005192,0.014049
447,0.55875,-0.01974,-0.072981,9.969097,-0.001832,0.00565,0.014049
448,0.56,0.016151,-0.081355,9.949954,0.002748,0.00565,0.013133
449,0.56125,0.004187,-0.056231,9.962516,-0.000763,0.006261,0.011759
450,0.5625,0.004785,-0.062213,9.981659,-0.001527,0.005497,0.013286
451,0.56375,-0.016151,-0.08315,9.979864,-0.002138,0.007024,0.014202
452,0.5650000000000001,-0.011365,-0.038285,9.988837,0.000458,0.005345,0.014508
453,0.56625,0.020338,-0.055633,9.984052,0.000916,0.006108,0.012522
454,0.5675,-0.020338,-0.057427,9.945168,-0.000305,0.005497,0.014355
455,0.56875,-0.017347,-0.092123,9.949954,-0.000152,0.005345,0.01466
456,0.5700000000000001,-0.005982,-0.067597,9.994221,0.001679,0.007788,0.014049
457,0.57125,-0.021535,-0.049651,9.95474,-0.001221,0.006872,0.014049
458,0.5725,-0.011964,-0.061615,9.970891,0.001221,0.004734,0.012522
459,0.57375,-0.045463,-0.062811,9.949954,-0.000152,0.005803,0.012828
460,0.5750000000000001,0.000598,-0.056231,9.949356,0.0,0.00565,0.011606
461,0.57625,-0.004785,-0.078963,9.969097,-0.00229,0.003359,0.010537
462,0.5775,-0.017347,-0.049052,9.976275,-0.000152,0.00565,0.014202
463,0.57875,0.02991,-0.088534,9.970891,-0.00229,0.006566,0.012064
464,0.58,0.002991,-0.060418,10.005587,-0.001374,0.007788,0.013439
465,0.58125,0.001794,-0.031106,9.967302,0.0,0.003054,0.014049
466,0.5825,-0.005383,-0.048454,9.964909,-0.00061,0.004886,0.011301
467,0.58375,-0.005982,-0.098703,9.996614,0.001221,0.007177,0.015271
468,0.585,-0.000598,-0.075972,9.963713,0.00061,0.007483,0.01237
469,0.58625,-0.013758,-0.069391,9.952347,-0.000458,0.00565,0.014355
470,0.5875,-0.001794,-0.061615,9.965507,0.001221,0.005803,0.014202
471,0.58875,0.037686,-0.037686,9.996614,-0.000305,0.005497,0.014813
472,0.59,0.015553,-0.102293,9.966704,-0.001374,0.00733,0.010995
473,0.59125,0.000598,-0.058624,9.993623,0.002138,0.005497,0.012217
474,0.5925,-0.003589,-0.011964,9.979864,-0.001374,0.006261,0.013286
475,0.59375,0.021535,-0.095712,9.972088,0.00061,0.00733,0.014508
476,0.595,0.045463,-0.055034,9.953543,0.0,0.008552,0.011453
477,0.5962500000000001,0.027517,-0.050847,9.971489,-0.000763,0.005955,0.013439
478,0.5975,0.002991,-0.046061,9.95115,-0.000763,0.00733,0.014202
479,0.59875,-0.019142,-0.068195,9.982855,0.000152,0.007024,0.01466
480,0.6,-0.015553,-0.050847,9.981061,-0.000763,0.007177,0.013591
481,0.6012500000000001,-0.017347,-0.063409,9.964311,0.0,0.003817,0.012522
482,0.6025,0.013758,-0.039481,9.971489,0.001527,0.007024,0.012675
483,0.60375,-0.002991,-0.075972,9.962516,-0.000305,0.005497,0.015118
484,0.605,0.002991,-0.066999,9.963115,0.000305,0.00565,0.014049
485,0.6062500000000001,0.034097,-0.06999,9.957133,0.000458,0.007788,0.012064
486,0.6075,0.002991,-0.064008,9.978668,0.000152,0.005497,0.009926
487,0.60875,0.001196,-0.034695,9.956534,-0.002443,0.007024,0.015882
488,0.61,-0.007178,-0.113659,9.960722,-0.000152,0.005345,0.014202
489,0.61125,-0.020338,-0.078364,9.968498,0.000458,0.008399,0.012828
490,0.6125,-0.021535,-0.086141,9.971489,0.000305,0.007024,0.014813
491,0.61375,-0.020937,-0.056829,9.969097,0.001069,0.007024,0.01237
492,0.615,-0.007178,-0.057427,9.975079,0.000152,0.005192,0.012522
493,0.61625,0.004187,-0.05324,9.973284,-0.001221,0.006261,0.012217
494,0.6175,0.015553,-0.068195,9.994221,0.0,0.007024,0.013133
495,0.61875,0.001196,-0.041276,9.956534,-0.000152,0.00397,0.010384
496,0.62,-0.020338,-0.065802,9.995418,0.001374,0.006414,0.01634
497,0.62125,-0.027517,-0.081355,9.957731,-0.000152,0.006566,0.015118
498,0.6225,0.002392,-0.080159,9.953543,-0.000458,0.007483,0.014049
499,0.62375,0.003589,-0.072981,9.977472,0.0,0.006566,0.011911
500,0.625,0.0,-0.090329,9.994221,-0.000305,0.005345,0.015118
501,0.62625,0.007178,-0.05324,9.974481,0.002443,0.006872,0.014202
502,0.6275000000000001,0.028713,-0.071186,9.966704,-0.000916,0.004428,0.012828
503,0.62875,0.007776,-0.075373,9.967302,0.000305,0.005497,0.013439
504,0.63,0.025124,-0.043669,9.979266,0.00229,0.004581,0.013286
505,0.63125,0.028115,-0.074775,9.939785,0.000152,0.006719,0.014355
506,0.6325000000000001,0.022133,-0.080757,10.004989,-0.001221,0.006108,0.013133
507,0.63375,-0.01316,-0.078364,9.980463,-0.000305,0.005497,0.014202
508,0.635,-0.004187,-0.064606,9.960722,0.004276,0.004734,0.013744
509,0.63625,-0.016151,-0.065204,9.973882,0.000305,0.005345,0.01634
510,0.6375000000000001,0.022133,-0.058624,9.958927,-0.002443,0.007635,0.01466
511,0.63875,-0.026321,-0.049651,9.95474,-0.00061,0.005345,0.011606
512,0.64,0.007776,-0.082552,9.981061,0.001527,0.005192,0.013744
513,0.64125,0.007776,-0.091525,9.980463,-0.00229,0.005803,0.012675
514,0.6425,-0.005383,-0.037088,9.952945,0.000458,0.005497,0.01298
515,0.64375,0.00658,-0.045463,9.9679,0.0,0.006261,0.01069
516,0.645,-0.010169,-0.041874,9.948758,-0.000916,0.00397,0.013439
517,0.64625,0.00658,-0.055633,9.969097,0.001069,0.005803,0.015424
518,0.6475,0.010169,-0.052642,9.975079,-0.001069,0.004428,0.013439
519,0.64875,0.016749,-0.05324,9.9679,0.001221,0.005497,0.015882
520,0.65,0.021535,-0.073579,9.959525,-0.000763,0.006414,0.01466
521,0.65125,0.002392,-0.0664,9.958329,-0.000152,0.006566,0.014202
522,0.6525,0.030508,-0.068793,9.955338,-0.001069,0.00397,0.014202
523,0.65375,0.011365,-0.08315,10.003194,0.001985,0.008704,0.013744
524,0.655,-0.016749,-0.026919,9.948159,-0.000916,0.004123,0.01298
525,0.65625,-0.003589,-0.038285,9.970891,0.0,0.00565,0.014202
526,0.6575,-0.035294,-0.08973,9.983454,0.000305,0.004428,0.012217
527,0.6587500000000001,-0.008973,-0.040677,9.945168,-0.000305,0.003817,0.009926
528,0.66,-0.012562,-0.072981,9.978668,0.001221,0.005497,0.015271
529,0.66125,0.020937,-0.101694,9.968498,0.000763,0.00733,0.014355
530,0.6625,0.011964,-0.101096,9.976275,-0.002596,0.005039,0.016493
531,0.6637500000000001,-0.02333,-0.061615,9.949954,-0.000458,0.006108,0.014049
532,0.665,-0.00658,-0.068793,9.970891,-0.001679,0.005192,0.013286
533,0.66625,-0.009571,-0.072981,9.955338,0.001221,0.006261,0.015882
534,0.6675,0.008973,-0.072981,9.952347,0.000458,0.004276,0.014355
535,0.6687500000000001,-0.000598,-0.050847,9.981659,0.0,0.008093,0.013591
536,0.67,0.03649,-0.115453,9.947561,-0.003817,0.004581,0.013897
537,0.67125,0.015553,-0.083748,9.963713,0.002596,0.005955,0.012064
538,0.6725,-0.011365,-0.074775,9.982257,-0.001069,0.004886,0.013744
539,0.67375,-0.012562,-0.089132,9.966106,-0.00229,0.006261,0.014966
540,0.675,0.034097,-0.064008,9.941579,0.001069,0.002443,0.011759
541,0.67625,0.009571,-0.086141,9.96132,0.000152,0.006719,0.013133
542,0.6775,0.027517,-0.074775,9.973284,0.000763,0.003665,0.011301
543,0.67875,0.011964,-0.069391,9.983454,-0.000763,0.005345,0.014813
544,0.68,-0.005383,-0.067597,9.982257,-0.001832,0.004428,0.013286
545,0.68125,0.011964,-0.053838,9.987641,-0.000305,0.00565,0.014813
546,0.6825,0.011964,-0.050847,9.95474,-0.000152,0.007177,0.014202
547,0.68375,0.000598,-0.058624,9.966704,-0.000305,0.007788,0.012828
548,0.685,-0.015553,-0.107677,9.977472,-0.003359,0.004428,0.012217
549,0.68625,-0.023928,-0.08973,9.970891,0.001679,0.005039,0.015118
550,0.6875,-0.001794,-0.059222,9.967302,-0.001374,0.007788,0.012675
551,0.68875,0.012562,-0.089132,9.963115,0.0,0.004886,0.013133
552,0.6900000000000001,0.00658,-0.070588,9.98465,0.001679,0.005345,0.014202
553,0.69125,-0.007776,-0.077766,9.976275,-0.00061,0.006872,0.014202
554,0.6925,0.023928,-0.081355,9.965507,-0.001527,0.005497,0.012217
555,0.69375,0.005982,-0.084945,9.966704,-0.000458,0.006872,0.013133
556,0.6950000000000001,0.037088,-0.041276,9.955338,0.000458,0.00733,0.014202
557,0.69625,-0.03649,-0.042472,9.975677,-0.00061,0.006566,0.016493
558,0.6975,0.001794,-0.078364,9.948758,-0.000305,0.003359,0.013439
559,0.69875,-0.007178,-0.030508,9.956534,-0.000305,0.006566,0.010995
560,0.7000000000000001,-0.007776,-0.092123,9.940981,0.001221,0.00901,0.013744
561,0.70125,-0.002392,-0.094516,9.966106,0.001527,0.006719,0.01298
562,0.7025,0.023928,-0.084346,9.962516,-0.000763,0.006261,0.012064
563,0.70375,-0.001196,-0.090927,9.945168,-0.000152,0.005192,0.009162
564,0.705,-0.007776,-0.049651,9.979864,0.000458,0.007177,0.011301
565,0.70625,-0.010169,-0.06999,9.959525,-0.000916,0.004886,0.014813
566,0.7075,-0.01974,-0.041874,9.992427,0.000458,0.004734,0.011453
567,0.70875,-0.00658,-0.080757,9.956534,-0.000916,0.005345,0.012064
568,0.71,0.020937,-0.068195,9.978668,0.001069,0.006261,0.01237
569,0.71125,0.019142,-0.083748,9.979864,-0.000152,0.006872,0.01466
570,0.7125,0.017946,-0.028713,9.953543,-0.002748,0.008704,0.013133
571,0.71375,-0.010169,-0.090329,9.962516,-0.000152,0.006108,0.013744
572,0.715,0.04307,-0.071784,9.962516,-0.001221,0.005039,0.012064
573,0.71625,0.00658,-0.094516,9.943972,-0.001679,0.007177,0.013286
574,0.7175,0.028115,-0.041874,9.970293,0.000458,0.00565,0.012522
575,0.71875,-0.008973,-0.070588,9.961918,0.000763,0.005039,0.009315
576,0.72,0.025722,-0.033499,9.959525,-0.003665,0.00397,0.01298
577,0.7212500000000001,0.018544,-0.052642,9.99123,-0.001985,0.006261,0.012522
578,0.7225,-0.009571,-0.093918,9.952945,0.000763,0.00733,0.013897
579,0.72375,0.010767,-0.035892,9.971489,0.001221,0.006261,0.012064
580,0.725,0.001196,-0.063409,9.968498,0.000458,0.008093,0.013897
581,0.7262500000000001,-0.02333,-0.069391,9.970293,-0.001374,0.005039,0.011453
582,0.7275,0.022133,-0.080757,9.964909,-0.00229,0.006261,0.012522
583,0.72875,-0.004785,-0.04666,9.982855,-0.000763,0.005803,0.016187
584,0.73,-0.001196,-0.056231,9.95474,0.000305,0.006872,0.012522
585,0.7312500000000001,-0.016749,-0.050847,9.957133,0.000305,0.006108,0.014202
586,0.7325,0.020937,-0.084945,9.990034,0.000305,0.003665,0.014355
587,0.73375,0.017347,-0.068793,9.982855,0.000916,0.005039,0.014049
588,0.735,-0.011365,-0.002991,9.993025,-0.001069,0.002901,0.017867
589,0.73625,0.025722,-0.058025,9.955936,-0.00061,0.005345,0.012828
590,0.7375,-0.002392,-0.075373,9.960722,0.001527,0.003665,0.01634
591,0.73875,-0.028713,-0.040677,9.955338,0.001221,0.005039,0.015271
592,0.74,-0.028713,-0.028115,9.966704,-0.000305,0.006414,0.011453
593,0.74125,0.005383,-0.079561,9.9679,-0.000458,0.006108,0.01298
594,0.7425,-0.010169,-0.079561,10.005587,-0.001374,0.005497,0.011301
595,0.74375,-0.018544,-0.086141,9.994221,0.000916,0.006261,0.014202
596,0.745,0.0,-0.087338,9.982257,-0.000916,0.006872,0.012522
597,0.74625,-0.014955,-0.088534,9.945767,-0.00061,0.006719,0.012217
598,0.7475,-0.020937,-0.066999,9.983454,-0.000763,0.004428,0.013133
599,0.74875,-0.043669,-0.071186,9.945168,0.0,0.005192,0.013744
600,0.75,0.040677,-0.073579,9.974481,-0.001679,0.005039,0.014202
601,0.75125,-0.011365,-0.098105,9.972088,0.000152,0.005039,0.012675
602,0.7525000000000001,-0.004187,-0.065802,9.972686,-0.001679,0.006719,0.012064
603,0.75375,0.004785,-0.081954,10.000802,-0.000152,0.004123,0.011453
604,0.755,0.029312,-0.117846,9.988239,-0.001985,0.005039,0.011453
605,0.75625,-0.000598,-0.060418,9.964311,-0.001985,0.00565,0.011759
606,0.7575000000000001,-0.02333,-0.077168,9.996614,0.000916,0.007177,0.012217
607,0.75875,0.027517,-0.077766,9.963713,-0.001832,0.005497,0.012675
608,0.76,-0.004785,-0.072382,9.991828,-0.00061,0.007483,0.013439
609,0.76125,-0.002392,-0.056829,9.974481,-0.000152,0.005803,0.015729
610,0.7625000000000001,0.010169,-0.065204,9.961918,-0.000152,0.004886,0.015424
611,0.76375,0.014356,-0.068195,9.963115,-0.003207,0.005955,0.011453
612,0.765,0.019142,-0.095114,9.984052,-0.00061,0.007483,0.01237
613,0.76625,0.005383,-0.072382,9.98465,0.000916,0.007177,0.01298
614,0.7675000000000001,-0.010169,-0.022731,9.979864,-0.002596,0.005497,0.01237
615,0.76875,-0.001794,-0.057427,9.964909,0.000916,0.004886,0.012522
616,0.77,0.011964,-0.078963,9.984052,-0.000458,0.00565,0.012522
617,0.77125,-0.020937,-0.064606,9.960124,-0.000152,0.008093,0.013591
618,0.7725,-0.009571,-0.074177,9.979864,0.000916,0.005345,0.015882
619,0.77375,0.000598,-0.072981,9.971489,0.001069,0.006719,0.012828
620,0.775,-0.024526,-0.05982,9.986445,0.000916,0.004886,0.014355
621,0.77625,-0.002392,-0.079561,9.973284,-0.000152,0.006719,0.014355
622,0.7775,-0.026321,-0.072981,9.982855,-0.000916,0.00565,0.015271
623,0.77875,0.004785,-0.070588,9.953543,0.000763,0.006414,0.012675
624,0.78,0.003589,-0.068793,9.960124,-0.000152,0.00565,0.013439
625,0.78125,0.016749,-0.085543,9.957133,0.000458,0.007483,0.013744
626,0.7825,0.010767,-0.08315,9.975079,-0.001527,0.008246,0.010842
627,0.7837500000000001,0.002392,-0.04666,9.982855,0.001679,0.00733,0.014202
628,0.785,-0.016749,-0.053838,9.997811,-0.001069,0.007024,0.012064
629,0.78625,-0.018544,-0.047856,9.957731,0.001679,0.005803,0.012064
630,0.7875,-0.023928,-0.025722,9.965507,-0.000152,0.005039,0.01466
631,0.7887500000000001,-0.017946,-0.086141,9.964311,0.00061,0.004276,0.014202
632,0.79,0.004785,-0.104087,9.972088,-0.000305,0.006566,0.013133
633,0.79125,0.004785,-0.090329,9.970293,-0.001069,0.007177,0.012828
634,0.7925,0.007776,-0.052043,9.977472,0.000152,0.005345,0.01298
635,0.7937500000000001,0.028115,-0.060418,9.960124,0.000305,0.00565,0.015271
636,0.795,-0.005982,-0.081355,9.975079,-0.001221,0.007177,0.01466
637,0.79625,0.050249,-0.052043,9.99123,-0.001527,0.004886,0.013286
638,0.7975,-0.031704,-0.086141,9.97807,-0.000305,0.007483,0.013591
639,0.7987500000000001,0.00658,-0.079561,9.964909,-0.001221,0.005192,0.013591
640,0.8,0.004785,-0.062213,9.978668,0.000916,0.006719,0.012217
641,0.80125,0.048454,-0.107677,9.985846,-0.000916,0.005803,0.014355
642,0.8025,-0.016151,-0.075373,9.994221,-0.001221,0.006261,0.012675
643,0.80375,-0.004785,-0.056829,9.964909,-0.000152,0.006414,0.013133
644,0.805,-0.000598,-0.057427,9.990632,0.001069,0.004428,0.013897
645,0.80625,0.020338,-0.075972,9.97807,-0.000763,0.00565,0.012064
646,0.8075,0.012562,-0.072981,9.980463,-0.001069,0.006566,0.016035
647,0.80875,0.007776,-0.065204,9.970891,0.00061,0.007483,0.012675
648,0.81,0.002392,-0.092123,9.99482,-0.000152,0.007177,0.013897
649,0.81125,0.020937,-0.061615,9.949954,-0.001679,0.006414,0.010537
650,0.8125,-0.010767,-0.038883,10.0014,0.000763,0.004734,0.014355
651,0.81375,-0.012562,-0.093918,9.984052,-0.000305,0.006108,0.013744
652,0.8150000000000001,0.022731,-0.077766,9.969097,-0.000763,0.006566,0.014202
653,0.81625,0.004187,-0.065802,9.987641,-0.001832,0.003207,0.015118
654,0.8175,-0.000598,-0.071186,9.977472,-0.001069,0.005803,0.013744
655,0.81875,-0.001196,-0.070588,9.948159,0.001069,0.004886,0.013439
656,0.8200000000000001,0.017946,-0.068195,9.957133,0.00061,0.004428,0.012522
657,0.82125,0.031106,-0.055034,9.968498,0.000152,0.006261,0.013439
658,0.8225,0.016151,-0.089132,9.948758,-0.00061,0.005497,0.016493
659,0.82375,0.010767,-0.053838,9.975677,-0.001069,0.006872,0.014202
660,0.8250000000000001,-0.011365,-0.035294,9.99123,-0.002901,0.005803,0.013286
661,0.82625,0.016151,-0.071784,9.979864,-0.000305,0.006261,0.013591
662,0.8275,0.003589,-0.092123,9.961918,-0.001221,0.007941,0.015424
663,0.82875,0.004785,-0.075972,9.970891,-0.001985,0.00565,0.015424
664,0.8300000000000001,-0.004187,-0.06999,9.971489,-0.000305,0.005803,0.013897
665,0.83125,-0.034097,-0.068793,9.970293,0.001069,0.006414,0.013744
666,0.8325,-0.008374,-0.033499,9.976275,-0.003817,0.008093,0.013439
667,0.83375,-0.022731,-0.068195,9.982257,-0.001832,0.006261,0.014813
668,0.835,-0.001794,-0.071186,9.997811,-0.00061,0.00565,0.012064
669,0.83625,-0.030508,-0.055034,9.985846,-0.001679,0.005803,0.012522
670,0.8375,-0.014955,-0.037088,9.993025,0.000916,0.006108,0.013133
671,0.83875,0.021535,-0.093918,9.9679,0.001374,0.004886,0.013744
672,0.84,0.042472,-0.087338,9.970293,-0.001221,0.006414,0.011148
673,0.84125,-0.037088,-0.050249,9.935597,-0.001679,0.008093,0.014966
674,0.8425,0.022731,-0.061615,9.968498,-0.003207,0.005039,0.012522
675,0.84375,0.024526,-0.052642,9.963115,-0.001832,0.007177,0.011759
676,0.845,-0.020338,-0.059222,9.985248,-0.000763,0.003054,0.01466
677,0.8462500000000001,-0.014356,-0.080159,9.963713,-0.000763,0.005955,0.013133
678,0.8475,-0.008973,-0.052642,9.993025,0.001374,0.008857,0.012217
679,0.84875,0.002392,-0.089132,9.96132,-0.001527,0.00397,0.015118
680,0.85,0.008973,-0.030508,9.990632,0.000916,0.00733,0.014202
681,0.8512500000000001,0.05324,-0.05982,9.959525,0.000916,0.007024,0.014202
682,0.8525,0.026321,-0.102293,9.974481,-0.002748,0.004581,0.014202
683,0.85375,-0.003589,-0.044865,9.95115,0.0,0.007941,0.017104
684,0.855,-0.035294,-0.055633,9.982257,-0.000305,0.006566,0.014202
685,0.8562500000000001,-0.002991,-0.044267,9.936794,0.000458,0.007788,0.01237
686,0.8575,-0.004785,-0.026321,9.943374,-0.001832,0.006566,0.013744
687,0.85875,-0.019142,-0.026321,9.968498,0.0,0.007024,0.014202
688,0.86,-0.013758,-0.056231,9.969097,-0.000152,0.006108,0.01298
689,0.8612500000000001,-0.021535,-0.074177,9.966106,-0.00061,0.006414,0.014049
690,0.8625,-0.014955,-0.050249,10.003194,-0.002138,0.005192,0.013897
691,0.86375,0.024526,-0.045463,9.984052,0.000152,0.003817,0.013744
692,0.865,-0.02333,-0.040677,9.985846,-0.000305,0.006872,0.012675
693,0.86625,0.001196,-0.083748,9.987641,-0.000152,0.006414,0.013744
694,0.8675,-0.002991,-0.045463,9.982257,-0.000916,0.006261,0.015118
695,0.86875,-0.004785,-0.0664,9.946963,-0.003054,0.005497,0.011453
696,0.87,-0.031106,-0.055633,9.955936,-0.001069,0.004581,0.012828
697,0.87125,-0.001196,-0.084346,9.990632,0.00229,0.005803,0.013439
698,0.8725,0.004187,-0.025124,9.982257,-0.001374,0.005955,0.010537
699,0.87375,-0.017347,-0.103489,9.979266,-0.000763,0.005497,0.013744
700,0.875,0.00658,-0.057427,9.984052,-0.000458,0.006414,0.012828
701,0.87625,0.023928,-0.069391,9.970891,0.001221,0.00565,0.011911
702,0.8775000000000001,0.034097,-0.062811,9.99482,-0.002443,0.00565,0.014508
703,0.87875,-0.01316,-0.069391,9.960124,0.001679,0.006261,0.012828
704,0.88,-0.038285,-0.077766,9.979864,-0.000152,0.008093,0.013286
705,0.88125,-0.033499,-0.071186,9.988837,0.002443,0.007177,0.013133
706,0.8825000000000001,-0.008973,-0.078963,9.969097,-0.002748,0.004428,0.013133
707,0.88375,-0.013758,-0.046061,9.971489,-0.00061,0.006872,0.011606
708,0.885,-0.01974,-0.061016,9.973284,-0.000763,0.005497,0.012828
709,0.88625,0.037088,-0.080159,9.977472,-0.00229,0.003817,0.011606
710,0.8875000000000001,0.049651,-0.080159,9.949954,-0.000763,0.003512,0.011911
711,0.88875,0.019142,-0.061016,9.964909,-0.000916,0.005955,0.014355
712,0.89,0.025722,-0.050847,9.975677,-0.000305,0.00565,0.011606
713,0.89125,0.019142,-0.064606,9.964311,0.002901,0.007941,0.01298
714,0.8925000000000001,0.04666,-0.078963,9.986445,-0.001221,0.007177,0.011453
715,0.89375,0.008973,-0.064606,9.964909,-0.000916,0.006719,0.012522
716,0.895,0.021535,-0.078364,9.970293,-0.001527,0.006261,0.011911
717,0.89625,-0.025722,-0.062213,9.969097,0.002748,0.006108,0.011911
718,0.8975,-0.016749,-0.091525,9.966704,0.002138,0.006566,0.012064
719,0.89875,-0.020338,-0.084945,9.982257,0.000305,0.004886,0.011759
720,0.9,-0.017347,-0.067597,9.945168,-0.001069,0.005039,0.013133
721,0.90125,-0.001794,-0.033499,9.975677,0.001221,0.004734,0.012828
722,0.9025,-0.015553,-0.034695,9.976873,-0.001374,0.00733,0.010384
723,0.90375,0.008374,-0.055034,9.97807,0.000916,0.006566,0.012522
724,0.905,0.00658,-0.056231,9.964311,-0.00061,0.005345,0.011453
725,0.90625,0.016151,-0.047258,9.969695,-0.002443,0.004428,0.012064
726,0.9075,0.025124,-0.040677,9.976275,0.00061,0.008093,0.013744
727,0.9087500000000001,0.014356,-0.064606,9.992427,-0.001221,0.008246,0.01237
728,0.91,0.000598,-0.049052,9.9679,-0.001985,0.005497,0.015882
729,0.91125,0.004785,-0.081355,9.986445,0.000305,0.00565,0.010231
730,0.9125,-0.012562,-0.056231,9.976275,0.00061,0.007941,0.011606
731,0.9137500000000001,-0.022731,-0.031704,9.99482,0.00061,0.006414,0.013744
732,0.915,0.002991,-0.057427,9.950552,0.000305,0.007177,0.015424
733,0.91625,-0.028115,-0.024526,9.969097,0.001527,0.005955,0.014813
734,0.9175,-0.014356,-0.083748,9.952945,0.001221,0.007483,0.014355
735,0.9187500000000001,-0.013758,-0.077766,9.957133,-0.001985,0.00565,0.012217
736,0.92,-0.001196,-0.046061,9.949356,0.002748,0.005803,0.013897
737,0.92125,0.001196,-0.033499,9.973882,-0.001832,0.006719,0.014813
738,0.9225,-0.01316,-0.072382,10.001998,-0.000305,0.006261,0.01298
739,0.9237500000000001,-0.010767,-0.073579,9.983454,-0.001527,0.00565,0.013744
740,0.925,0.021535,-0.047856,9.974481,0.001679,0.005497,0.016951
741,0.92625,-0.018544,-0.06999,9.988837,-0.002596,0.00565,0.016187
742,0.9275,0.029312,-0.084945,9.970891,-0.00061,0.003665,0.015271
743,0.92875,0.011365,-0.0664,9.945168,-0.00061,0.008704,0.013591
744,0.93,0.010169,-0.08315,9.952347,-0.001221,0.005497,0.014813
745,0.93125,0.010767,-0.090329,9.962516,-0.000916,0.006719,0.015729
746,0.9325,-0.01974,-0.079561,9.95115,0.00061,0.005039,0.01237
747,0.93375,-0.00658,-0.095712,9.992427,-0.002138,0.004276,0.015424
748,0.935,-0.007776,-0.077766,9.964909,-0.002596,0.006719,0.009926
749,0.93625,-0.02333,-0.077168,9.943374,-0.000305,0.006261,0.011453
750,0.9375,0.000598,-0.031704,9.933803,-0.001069,0.006566,0.014355
751,0.93875,-0.009571,-0.043669,9.977472,-0.001985,0.006261,0.012675
752,0.9400000000000001,0.0,-0.092721,9.949356,-0.001527,0.004734,0.017104
753,0.94125,-0.033499,-0.093918,9.969097,-0.001374,0.005345,0.014355
754,0.9425,0.01316,-0.061016,9.969695,0.0,0.006108,0.015271
755,0.94375,0.014356,-0.052642,9.943374,-0.001221,0.008399,0.010842
756,0.9450000000000001,0.009571,-0.0664,9.961918,0.000152,0.007177,0.012217
757,0.94625,-0.002392,-0.083748,9.969695,-0.000916,0.004734,0.013286
758,0.9475,0.018544,-0.092123,9.99482,-0.000305,0.006414,0.012522
759,0.94875,0.019142,-0.075972,9.955936,-0.000763,0.006719,0.013744
760,0.9500000000000001,-0.001196,-0.084346,9.982257,0.001069,0.008093,0.015577
761,0.95125,0.00658,-0.084945,9.957133,-0.001985,0.006566,0.013744
762,0.9525,0.024526,-0.060418,9.972088,-0.000305,0.007483,0.014202
763,0.95375,-0.015553,-0.058025,9.969097,-0.001832,0.003512,0.013286
764,0.9550000000000001,0.005383,-0.105882,9.981659,0.001221,0.00733,0.012064
765,0.95625,-0.024526,-0.05324,9.990632,0.001679,0.004734,0.013439
766,0.9575,0.001196,-0.044865,9.946963,-0.001832,0.006414,0.01237
767,0.95875,0.01316,-0.110069,9.965507,0.001374,0.003512,0.013897
768,0.96,0.009571,-0.095712,9.966106,0.001374,0.007177,0.01237
769,0.96125,0.01316,-0.108873,9.969097,-0.001374,0.004428,0.012828
770,0.9625,-0.023928,-0.068793,9.940383,-0.001374,0.006108,0.012064
771,0.96375,0.008973,-0.078963,9.966106,0.001985,0.004123,0.014508
772,0.965,-0.004785,-0.063409,9.975677,0.001527,0.00733,0.012828
773,0.96625,0.013758,-0.072981,9.945168,0.000916,0.005039,0.011453
774,0.9675,-0.010169,-0.044267,9.975677,-0.000152,0.004123,0.014966
775,0.96875,-0.005982,-0.045463,9.95115,-0.001069,0.005192,0.013591
776,0.97,0.012562,-0.067597,9.984052,0.000152,0.00397,0.016035
777,0.9712500000000001,-0.011365,-0.061615,9.951749,-0.001221,0.006566,0.014355
778,0.9725,0.031106,-0.071784,9.957133,-0.000152,0.006108,0.011911
779,0.97375,0.016749,-0.061615,9.970293,-0.000763,0.006261,0.013133
780,0.975,0.004187,-0.075373,9.952945,0.0,0.006261,0.012064
781,0.9762500000000001,-0.035892,-0.041874,9.964311,-0.001679,0.005039,0.014049
782,0.9775,0.031106,-0.092123,9.9679,-0.001069,0.008399,0.016646
783,0.97875,-0.016151,-0.047258,9.986445,-0.000916,0.005039,0.011453
784,0.98,-0.028115,-0.088534,9.974481,-0.001679,0.006719,0.012828
785,0.9812500000000001,0.024526,-0.083748,9.964311,0.00061,0.007177,0.014813
786,0.9825,0.011365,-0.126819,9.988239,-0.002443,0.003665,0.013744
787,0.98375,-0.02333,-0.074775,9.946963,-0.000763,0.005039,0.011911
788,0.985,-0.022731,-0.089132,9.9679,-0.00061,0.004886,0.014355
789,0.9862500000000001,0.022133,-0.04307,9.987043,-0.001985,0.007483,0.012828
790,0.9875,0.002991,-0.074775,9.955936,-0.000152,0.007483,0.013897
791,0.98875,-0.010169,-0.0664,9.967302,-0.000916,0.002748,0.012675
792,0.99,-0.011964,-0.06999,9.976275,-0.001069,0.005955,0.014049
793,0.9912500000000001,-0.004785,-0.067597,9.958927,-0.000763,0.006566,0.013133
794,0.9925,0.00658,-0.085543,9.935597,0.000152,0.006261,0.016951
795,0.99375,0.004785,-0.063409,9.969097,0.000458,0.00733,0.01237
796,0.995,0.0,-0.060418,9.957731,-0.000916,0.004886,0.012217
797,0.99625,-0.01316,-0.038883,9.9679,-0.002596,0.005039,0.013897
798,0.9975,-0.025124,-0.05324,9.99123,0.000458,0.006872,0.013439
799,0.99875,0.035892,-0.075373,9.970293,-0.001832,0.005192,0.012064
